[{"model": "posts.group", "pk": 1, "fields": {"title": "\u041f\u0440\u0430\u0432\u0438\u043b\u0430", "slug": "rules", "description": "\u041f\u0440\u0430\u0432\u0438\u043b\u0430 \u0441\u0430\u0439\u0442\u0430"}}, {"model": "posts.group", "pk": 2, "fields": {"title": "\u0424\u043b\u0443\u0434", "slug": "flud", "description": "\u0413\u0440\u0443\u043f\u043f\u0430 \u0434\u043b\u044f \u0440\u0430\u0437\u043d\u044b\u0445 \u0440\u0430\u0437\u0433\u043e\u0432\u043e\u0440\u043e\u0432)"}}, {"model": "posts.group", "pk": 3, "fields": {"title": "\u041e\u0431\u043e \u0432\u0441\u0451\u043c", "slug": "obo-vsem", "description": "\u0413\u0440\u0443\u043f\u043f\u0430 - \u0434\u043b\u044f \u0432\u0441\u0435\u0445 \u043c\u044b\u0441\u043b\u0435\u0439"}}, {"model": "contenttypes.contenttype", "pk": 1, "fields": {"app_label": "admin", "model": "logentry"}}, {"model": "contenttypes.contenttype", "pk": 2, "fields": {"app_label": "auth", "model": "permission"}}, {"model": "contenttypes.contenttype", "pk": 3, "fields": {"app_label": "auth", "model": "group"}}, {"model": "contenttypes.contenttype", "pk": 4, "fields": {"app_label": "auth", "model": "user"}}, {"model": "contenttypes.contenttype", "pk": 5, "fields": {"app_label": "contenttypes", "model": "contenttype"}}, {"model": "contenttypes.contenttype", "pk": 6, "fields": {"app_label": "posts", "model": "group"}}, {"model": "contenttypes.contenttype", "pk": 7, "fields": {"app_label": "posts", "model": "post"}}, {"model": "contenttypes.contenttype", "pk": 8, "fields": {"app_label": "posts", "model": "like"}}, {"model": "contenttypes.contenttype", "pk": 9, "fields": {"app_label": "posts", "model": "follow"}}, {"model": "contenttypes.contenttype", "pk": 10, "fields": {"app_label": "posts", "model": "comment"}}, {"model": "contenttypes.contenttype", "pk": 11, "fields": {"app_label": "sessions", "model": "session"}}, {"model": "contenttypes.contenttype", "pk": 12, "fields": {"app_label": "sites", "model": "site"}}, {"model": "contenttypes.contenttype", "pk": 13, "fields": {"app_label": "thumbnail", "model": "kvstore"}}, {"model": "sessions.session", "pk": "2vibnfpqb3t8v2xjukie6iz9jdd7uvxy", "fields": {"session_data": "MGRjNmRhYjAyMWY4OWU2ZTA5ZmYzYWMxM2NlZDlhNmI1ZjI0YzMwYjp7Il9hdXRoX3VzZXJfaWQiOiIxIiwiX2F1dGhfdXNlcl9iYWNrZW5kIjoiZGphbmdvLmNvbnRyaWIuYXV0aC5iYWNrZW5kcy5Nb2RlbEJhY2tlbmQiLCJfYXV0aF91c2VyX2hhc2giOiIwZDcyZTVmNDMwMzM3YTBjMTg5ZGRlMjFlMDNhNjhmNzg2NzY3ODUwIn0=", "expire_date": "2021-03-12T11:46:15.704Z"}}, {"model": "sessions.session", "pk": "379zkhrl6fum8gl41lb5aximuun7sta8", "fields": {"session_data": "MGRjNmRhYjAyMWY4OWU2ZTA5ZmYzYWMxM2NlZDlhNmI1ZjI0YzMwYjp7Il9hdXRoX3VzZXJfaWQiOiIxIiwiX2F1dGhfdXNlcl9iYWNrZW5kIjoiZGphbmdvLmNvbnRyaWIuYXV0aC5iYWNrZW5kcy5Nb2RlbEJhY2tlbmQiLCJfYXV0aF91c2VyX2hhc2giOiIwZDcyZTVmNDMwMzM3YTBjMTg5ZGRlMjFlMDNhNjhmNzg2NzY3ODUwIn0=", "expire_date": "2021-01-14T08:09:28.972Z"}}, {"model": "sessions.session", "pk": "39z3jgcefbzbsi93suleotpdd0g4rdu4", "fields": {"session_data": "MGRjNmRhYjAyMWY4OWU2ZTA5ZmYzYWMxM2NlZDlhNmI1ZjI0YzMwYjp7Il9hdXRoX3VzZXJfaWQiOiIxIiwiX2F1dGhfdXNlcl9iYWNrZW5kIjoiZGphbmdvLmNvbnRyaWIuYXV0aC5iYWNrZW5kcy5Nb2RlbEJhY2tlbmQiLCJfYXV0aF91c2VyX2hhc2giOiIwZDcyZTVmNDMwMzM3YTBjMTg5ZGRlMjFlMDNhNjhmNzg2NzY3ODUwIn0=", "expire_date": "2021-01-18T14:57:42.736Z"}}, {"model": "sessions.session", "pk": "41ftshkmllasgxui1axiw16vbb323hsg", "fields": {"session_data": "MjZkYTk3ZDAwOTE4NmEzMDBhNGYzMTRkN2FiYjg1MTFhMzU5YWFjNzp7Il9hdXRoX3VzZXJfaWQiOiI2IiwiX2F1dGhfdXNlcl9iYWNrZW5kIjoiZGphbmdvLmNvbnRyaWIuYXV0aC5iYWNrZW5kcy5Nb2RlbEJhY2tlbmQiLCJfYXV0aF91c2VyX2hhc2giOiJkNzVjMDM3NjNiZDdhMDNlZTMzYzhkOGI4YTJmYmQ3ZjU4ZjZkMjBkIn0=", "expire_date": "2021-01-18T16:15:46.102Z"}}, {"model": "sessions.session", "pk": "877tgc7w828l0mv26eg20lrfrh4rr685", "fields": {"session_data": "MGRjNmRhYjAyMWY4OWU2ZTA5ZmYzYWMxM2NlZDlhNmI1ZjI0YzMwYjp7Il9hdXRoX3VzZXJfaWQiOiIxIiwiX2F1dGhfdXNlcl9iYWNrZW5kIjoiZGphbmdvLmNvbnRyaWIuYXV0aC5iYWNrZW5kcy5Nb2RlbEJhY2tlbmQiLCJfYXV0aF91c2VyX2hhc2giOiIwZDcyZTVmNDMwMzM3YTBjMTg5ZGRlMjFlMDNhNjhmNzg2NzY3ODUwIn0=", "expire_date": "2021-01-19T11:21:29.942Z"}}, {"model": "sessions.session", "pk": "8mjoz6orzcobvoawen5k8ly4jpaugzjq", "fields": {"session_data": "MGRjNmRhYjAyMWY4OWU2ZTA5ZmYzYWMxM2NlZDlhNmI1ZjI0YzMwYjp7Il9hdXRoX3VzZXJfaWQiOiIxIiwiX2F1dGhfdXNlcl9iYWNrZW5kIjoiZGphbmdvLmNvbnRyaWIuYXV0aC5iYWNrZW5kcy5Nb2RlbEJhY2tlbmQiLCJfYXV0aF91c2VyX2hhc2giOiIwZDcyZTVmNDMwMzM3YTBjMTg5ZGRlMjFlMDNhNjhmNzg2NzY3ODUwIn0=", "expire_date": "2021-01-18T14:57:44.784Z"}}, {"model": "sessions.session", "pk": "cz9nsx7qgs02wk679ybz3aqealjpiu8q", "fields": {"session_data": "MGRjNmRhYjAyMWY4OWU2ZTA5ZmYzYWMxM2NlZDlhNmI1ZjI0YzMwYjp7Il9hdXRoX3VzZXJfaWQiOiIxIiwiX2F1dGhfdXNlcl9iYWNrZW5kIjoiZGphbmdvLmNvbnRyaWIuYXV0aC5iYWNrZW5kcy5Nb2RlbEJhY2tlbmQiLCJfYXV0aF91c2VyX2hhc2giOiIwZDcyZTVmNDMwMzM3YTBjMTg5ZGRlMjFlMDNhNjhmNzg2NzY3ODUwIn0=", "expire_date": "2021-02-25T12:23:42.912Z"}}, {"model": "sessions.session", "pk": "fd371i4fvjvxzou41s7vo7yo1wybziau", "fields": {"session_data": "MGRjNmRhYjAyMWY4OWU2ZTA5ZmYzYWMxM2NlZDlhNmI1ZjI0YzMwYjp7Il9hdXRoX3VzZXJfaWQiOiIxIiwiX2F1dGhfdXNlcl9iYWNrZW5kIjoiZGphbmdvLmNvbnRyaWIuYXV0aC5iYWNrZW5kcy5Nb2RlbEJhY2tlbmQiLCJfYXV0aF91c2VyX2hhc2giOiIwZDcyZTVmNDMwMzM3YTBjMTg5ZGRlMjFlMDNhNjhmNzg2NzY3ODUwIn0=", "expire_date": "2021-01-18T20:17:04.220Z"}}, {"model": "sessions.session", "pk": "g8n7xo04g77u0f36q92fpses2fnky2co", "fields": {"session_data": "MjBhNmNmYjlkZWNmMDAwMmU4MDgyNTY1NDFmMmUxNDY1YWQ1MjJkNjp7Il9hdXRoX3VzZXJfaWQiOiI0IiwiX2F1dGhfdXNlcl9iYWNrZW5kIjoiZGphbmdvLmNvbnRyaWIuYXV0aC5iYWNrZW5kcy5Nb2RlbEJhY2tlbmQiLCJfYXV0aF91c2VyX2hhc2giOiJkNDQzYzc2OGNlY2NhZDhhNWM3MTljYTQ4NzVhOTQ4YzFlYWM5OTAwIn0=", "expire_date": "2021-01-18T13:45:17.049Z"}}, {"model": "sessions.session", "pk": "i44s7cohrtmy6l07v5nmq3kb9lli45ay", "fields": {"session_data": "ZmRlZDk1YjdiZWNlYzU4OTYwOTdjY2JjMDNmZjdmNWQ4ZmU4M2M4Nzp7Il9hdXRoX3VzZXJfaWQiOiI3IiwiX2F1dGhfdXNlcl9iYWNrZW5kIjoiZGphbmdvLmNvbnRyaWIuYXV0aC5iYWNrZW5kcy5Nb2RlbEJhY2tlbmQiLCJfYXV0aF91c2VyX2hhc2giOiIxZjlhMjYwZWQwOTE1Y2Y4YmU1NGZiYTMwMmU4ZDdhMjA3Y2IwYWRjIn0=", "expire_date": "2021-01-21T14:12:34.852Z"}}, {"model": "sessions.session", "pk": "i7388k08oeufbxlokdbzd5hjpch1dm4a", "fields": {"session_data": "MGRjNmRhYjAyMWY4OWU2ZTA5ZmYzYWMxM2NlZDlhNmI1ZjI0YzMwYjp7Il9hdXRoX3VzZXJfaWQiOiIxIiwiX2F1dGhfdXNlcl9iYWNrZW5kIjoiZGphbmdvLmNvbnRyaWIuYXV0aC5iYWNrZW5kcy5Nb2RlbEJhY2tlbmQiLCJfYXV0aF91c2VyX2hhc2giOiIwZDcyZTVmNDMwMzM3YTBjMTg5ZGRlMjFlMDNhNjhmNzg2NzY3ODUwIn0=", "expire_date": "2021-01-16T11:02:34.809Z"}}, {"model": "sessions.session", "pk": "itor1y91tw0s1g6k52w54i3miqgl5krk", "fields": {"session_data": "MjBhNmNmYjlkZWNmMDAwMmU4MDgyNTY1NDFmMmUxNDY1YWQ1MjJkNjp7Il9hdXRoX3VzZXJfaWQiOiI0IiwiX2F1dGhfdXNlcl9iYWNrZW5kIjoiZGphbmdvLmNvbnRyaWIuYXV0aC5iYWNrZW5kcy5Nb2RlbEJhY2tlbmQiLCJfYXV0aF91c2VyX2hhc2giOiJkNDQzYzc2OGNlY2NhZDhhNWM3MTljYTQ4NzVhOTQ4YzFlYWM5OTAwIn0=", "expire_date": "2021-01-20T13:41:16.554Z"}}, {"model": "sessions.session", "pk": "oh2sh0en6fvu07mr18eszqz46kmk4ws5", "fields": {"session_data": "MGRjNmRhYjAyMWY4OWU2ZTA5ZmYzYWMxM2NlZDlhNmI1ZjI0YzMwYjp7Il9hdXRoX3VzZXJfaWQiOiIxIiwiX2F1dGhfdXNlcl9iYWNrZW5kIjoiZGphbmdvLmNvbnRyaWIuYXV0aC5iYWNrZW5kcy5Nb2RlbEJhY2tlbmQiLCJfYXV0aF91c2VyX2hhc2giOiIwZDcyZTVmNDMwMzM3YTBjMTg5ZGRlMjFlMDNhNjhmNzg2NzY3ODUwIn0=", "expire_date": "2021-02-16T17:19:37.440Z"}}, {"model": "sessions.session", "pk": "rlnv39h6z7jluoihea46cq6jgg6b87q1", "fields": {"session_data": "MjBhNmNmYjlkZWNmMDAwMmU4MDgyNTY1NDFmMmUxNDY1YWQ1MjJkNjp7Il9hdXRoX3VzZXJfaWQiOiI0IiwiX2F1dGhfdXNlcl9iYWNrZW5kIjoiZGphbmdvLmNvbnRyaWIuYXV0aC5iYWNrZW5kcy5Nb2RlbEJhY2tlbmQiLCJfYXV0aF91c2VyX2hhc2giOiJkNDQzYzc2OGNlY2NhZDhhNWM3MTljYTQ4NzVhOTQ4YzFlYWM5OTAwIn0=", "expire_date": "2021-01-18T13:44:39.560Z"}}, {"model": "sessions.session", "pk": "rsysosl9keq9co3x1vjukynadnm92j9u", "fields": {"session_data": "MjBhNmNmYjlkZWNmMDAwMmU4MDgyNTY1NDFmMmUxNDY1YWQ1MjJkNjp7Il9hdXRoX3VzZXJfaWQiOiI0IiwiX2F1dGhfdXNlcl9iYWNrZW5kIjoiZGphbmdvLmNvbnRyaWIuYXV0aC5iYWNrZW5kcy5Nb2RlbEJhY2tlbmQiLCJfYXV0aF91c2VyX2hhc2giOiJkNDQzYzc2OGNlY2NhZDhhNWM3MTljYTQ4NzVhOTQ4YzFlYWM5OTAwIn0=", "expire_date": "2021-01-18T13:44:55.158Z"}}, {"model": "sessions.session", "pk": "uik5ywqmw9y0zlnppo01861dxix8md7j", "fields": {"session_data": "MGRjNmRhYjAyMWY4OWU2ZTA5ZmYzYWMxM2NlZDlhNmI1ZjI0YzMwYjp7Il9hdXRoX3VzZXJfaWQiOiIxIiwiX2F1dGhfdXNlcl9iYWNrZW5kIjoiZGphbmdvLmNvbnRyaWIuYXV0aC5iYWNrZW5kcy5Nb2RlbEJhY2tlbmQiLCJfYXV0aF91c2VyX2hhc2giOiIwZDcyZTVmNDMwMzM3YTBjMTg5ZGRlMjFlMDNhNjhmNzg2NzY3ODUwIn0=", "expire_date": "2021-01-16T16:58:09.493Z"}}, {"model": "sessions.session", "pk": "v9dfsylann000tpjf4adx4z31owsoq8y", "fields": {"session_data": "MGRjNmRhYjAyMWY4OWU2ZTA5ZmYzYWMxM2NlZDlhNmI1ZjI0YzMwYjp7Il9hdXRoX3VzZXJfaWQiOiIxIiwiX2F1dGhfdXNlcl9iYWNrZW5kIjoiZGphbmdvLmNvbnRyaWIuYXV0aC5iYWNrZW5kcy5Nb2RlbEJhY2tlbmQiLCJfYXV0aF91c2VyX2hhc2giOiIwZDcyZTVmNDMwMzM3YTBjMTg5ZGRlMjFlMDNhNjhmNzg2NzY3ODUwIn0=", "expire_date": "2021-05-03T10:21:21.649Z"}}, {"model": "sessions.session", "pk": "x4fcdcpwdmu6e8x08s5z4iu9dr7r4ca6", "fields": {"session_data": "YjFlYmVjZDU2MThmOTZiYzRhNTVmMzZlZjJiNGJiNmZlMzlkMzM4Zjp7Il9hdXRoX3VzZXJfaWQiOiI1IiwiX2F1dGhfdXNlcl9iYWNrZW5kIjoiZGphbmdvLmNvbnRyaWIuYXV0aC5iYWNrZW5kcy5Nb2RlbEJhY2tlbmQiLCJfYXV0aF91c2VyX2hhc2giOiI1ZThlNzg0NTVlY2EzYWE0MzU1M2Q3MTZlYzYxYmRkZjg0Y2RjMWM4In0=", "expire_date": "2021-01-16T18:38:31.912Z"}}, {"model": "sessions.session", "pk": "x5s0kvqiq4c9vcgv54p0aa4ghxhqo8nl", "fields": {"session_data": "MjBhNmNmYjlkZWNmMDAwMmU4MDgyNTY1NDFmMmUxNDY1YWQ1MjJkNjp7Il9hdXRoX3VzZXJfaWQiOiI0IiwiX2F1dGhfdXNlcl9iYWNrZW5kIjoiZGphbmdvLmNvbnRyaWIuYXV0aC5iYWNrZW5kcy5Nb2RlbEJhY2tlbmQiLCJfYXV0aF91c2VyX2hhc2giOiJkNDQzYzc2OGNlY2NhZDhhNWM3MTljYTQ4NzVhOTQ4YzFlYWM5OTAwIn0=", "expire_date": "2021-01-21T14:10:33.235Z"}}, {"model": "sessions.session", "pk": "xmteuvuby93wxgro1bfzxk58rvzds791", "fields": {"session_data": "MGRjNmRhYjAyMWY4OWU2ZTA5ZmYzYWMxM2NlZDlhNmI1ZjI0YzMwYjp7Il9hdXRoX3VzZXJfaWQiOiIxIiwiX2F1dGhfdXNlcl9iYWNrZW5kIjoiZGphbmdvLmNvbnRyaWIuYXV0aC5iYWNrZW5kcy5Nb2RlbEJhY2tlbmQiLCJfYXV0aF91c2VyX2hhc2giOiIwZDcyZTVmNDMwMzM3YTBjMTg5ZGRlMjFlMDNhNjhmNzg2NzY3ODUwIn0=", "expire_date": "2021-01-17T20:40:25.723Z"}}, {"model": "sites.site", "pk": 1, "fields": {"domain": "example.com", "name": "example.com"}}, {"model": "thumbnail.kvstore", "pk": "sorl-thumbnail||image||08e3d9142e91f092bb85775d6944797c", "fields": {"value": "{\"name\": \"posts/58ef554577724bd5954298fd32c03acb-1.jpg\", \"storage\": \"django.core.files.storage.FileSystemStorage\", \"size\": [1918, 1099]}"}}, {"model": "thumbnail.kvstore", "pk": "sorl-thumbnail||image||22648e19b92641d9bf6f8ca3775803ca", "fields": {"value": "{\"name\": \"posts/\\u0421\\u043d\\u0438\\u043c\\u043e\\u043a_\\u044d\\u043a\\u0440\\u0430\\u043d\\u0430_\\u043e\\u0442_2021-01-04_17-59-38.png\", \"storage\": \"django.core.files.storage.FileSystemStorage\", \"size\": [541, 420]}"}}, {"model": "thumbnail.kvstore", "pk": "sorl-thumbnail||image||34b1ca5eb4e7cbadd18c0c9a2362c818", "fields": {"value": "{\"name\": \"posts/BanHammer_DTljiAY.jpeg\", \"storage\": \"django.core.files.storage.FileSystemStorage\", \"size\": [1920, 1175]}"}}, {"model": "thumbnail.kvstore", "pk": "sorl-thumbnail||image||393fc33d7809e3d8326ef3804c98e233", "fields": {"value": "{\"name\": \"cache/a0/aa/a0aadbadb68fa7fc8db01721ed7f9e79.jpg\", \"storage\": \"django.core.files.storage.FileSystemStorage\", \"size\": [960, 339]}"}}, {"model": "thumbnail.kvstore", "pk": "sorl-thumbnail||image||3bfe184f4e7e1b7b9fae68999fb0f723", "fields": {"value": "{\"name\": \"cache/e6/3c/e63c6b7b8a282a3600308a833e164d7d.jpg\", \"storage\": \"django.core.files.storage.FileSystemStorage\", \"size\": [960, 339]}"}}, {"model": "thumbnail.kvstore", "pk": "sorl-thumbnail||image||6e1d63216908c6ba018c326abafffa39", "fields": {"value": "{\"name\": \"posts/BanHammer.jpeg\", \"storage\": \"django.core.files.storage.FileSystemStorage\", \"size\": [1920, 1175]}"}}, {"model": "thumbnail.kvstore", "pk": "sorl-thumbnail||image||73a18b160b9203d50513c1c1f9541d98", "fields": {"value": "{\"name\": \"posts/1.jpg\", \"storage\": \"django.core.files.storage.FileSystemStorage\", \"size\": [554, 437]}"}}, {"model": "thumbnail.kvstore", "pk": "sorl-thumbnail||image||7ff1f6c93a33ca2d8f3568e325e782e2", "fields": {"value": "{\"name\": \"posts/BanHammer_vt5B85I.jpeg\", \"storage\": \"django.core.files.storage.FileSystemStorage\", \"size\": [1920, 1175]}"}}, {"model": "thumbnail.kvstore", "pk": "sorl-thumbnail||image||80d839c602bf8e5056bb084c7fb894b3", "fields": {"value": "{\"name\": \"cache/91/fe/91fec4c1ae6670bfb11201910b87dd50.jpg\", \"storage\": \"django.core.files.storage.FileSystemStorage\", \"size\": [960, 339]}"}}, {"model": "thumbnail.kvstore", "pk": "sorl-thumbnail||image||8aaa7050c18e66a7179dfcfed90b4bef", "fields": {"value": "{\"name\": \"cache/c3/c4/c3c4a1fb9465b15f219aedfba04c6bd4.jpg\", \"storage\": \"django.core.files.storage.FileSystemStorage\", \"size\": [960, 339]}"}}, {"model": "thumbnail.kvstore", "pk": "sorl-thumbnail||image||8eac87ae2094e5aeaf63ca2566d59e6d", "fields": {"value": "{\"name\": \"cache/f2/82/f2828c7eec6b4d56504481b6f9254e9f.jpg\", \"storage\": \"django.core.files.storage.FileSystemStorage\", \"size\": [960, 339]}"}}, {"model": "thumbnail.kvstore", "pk": "sorl-thumbnail||image||8ec228923867018e94ac566665bd978d", "fields": {"value": "{\"name\": \"cache/b5/a3/b5a31be2b85c56098f3d3627c15ff51f.jpg\", \"storage\": \"django.core.files.storage.FileSystemStorage\", \"size\": [960, 339]}"}}, {"model": "thumbnail.kvstore", "pk": "sorl-thumbnail||image||a42b1cb60e25ec43048830b20d7407d4", "fields": {"value": "{\"name\": \"cache/a9/76/a97663b649d0111a1cca625b1dbebba4.jpg\", \"storage\": \"django.core.files.storage.FileSystemStorage\", \"size\": [960, 339]}"}}, {"model": "thumbnail.kvstore", "pk": "sorl-thumbnail||image||adfdb95f8f3203fc6603b62ccf07da1e", "fields": {"value": "{\"name\": \"posts/A58A6D33-E341-42EF-BA40-3C6991721A4B.jpeg\", \"storage\": \"django.core.files.storage.FileSystemStorage\", \"size\": [725, 967]}"}}, {"model": "thumbnail.kvstore", "pk": "sorl-thumbnail||image||bfe37da8ef28ca7fc0ad4ee6b09cf112", "fields": {"value": "{\"name\": \"cache/fb/4f/fb4f89e8dec68c2d000d2009b3ad51e3.jpg\", \"storage\": \"django.core.files.storage.FileSystemStorage\", \"size\": [960, 339]}"}}, {"model": "thumbnail.kvstore", "pk": "sorl-thumbnail||image||c5e49c73dd080f7250b606348a42df1f", "fields": {"value": "{\"name\": \"cache/e0/9d/e09de260cdc9abf7cc275b46d3c35db4.jpg\", \"storage\": \"django.core.files.storage.FileSystemStorage\", \"size\": [960, 339]}"}}, {"model": "thumbnail.kvstore", "pk": "sorl-thumbnail||image||c64b0a56f51208a24b8b391c073b5561", "fields": {"value": "{\"name\": \"posts/BanHammer_6k0qciq.jpeg\", \"storage\": \"django.core.files.storage.FileSystemStorage\", \"size\": [1920, 1175]}"}}, {"model": "thumbnail.kvstore", "pk": "sorl-thumbnail||image||eb90a150db55be1bac0bd2245b94e7d6", "fields": {"value": "{\"name\": \"posts/BanHammer_3wICJfS.jpeg\", \"storage\": \"django.core.files.storage.FileSystemStorage\", \"size\": [1920, 1175]}"}}, {"model": "thumbnail.kvstore", "pk": "sorl-thumbnail||image||ebde8d86d8238422ba58dcba4fe94523", "fields": {"value": "{\"name\": \"cache/c0/0a/c00aaa61c9f0396506c7eac34dad2908.jpg\", \"storage\": \"django.core.files.storage.FileSystemStorage\", \"size\": [960, 339]}"}}, {"model": "thumbnail.kvstore", "pk": "sorl-thumbnail||image||eda102e3aba125b4fb1d36c6dc2622b2", "fields": {"value": "{\"name\": \"posts/E9D16B9C-68EB-442E-A560-FB95D19FF7F0.jpeg\", \"storage\": \"django.core.files.storage.FileSystemStorage\", \"size\": [720, 713]}"}}, {"model": "thumbnail.kvstore", "pk": "sorl-thumbnail||image||f3baa97c15ca16accd657866bd7154d8", "fields": {"value": "{\"name\": \"cache/12/11/12111c787996772a19208fd59cb6f219.jpg\", \"storage\": \"django.core.files.storage.FileSystemStorage\", \"size\": [960, 339]}"}}, {"model": "thumbnail.kvstore", "pk": "sorl-thumbnail||image||fba0470f2ce4ae8bb039aba3a225505e", "fields": {"value": "{\"name\": \"posts/22.jpg\", \"storage\": \"django.core.files.storage.FileSystemStorage\", \"size\": [1219, 914]}"}}, {"model": "thumbnail.kvstore", "pk": "sorl-thumbnail||thumbnails||08e3d9142e91f092bb85775d6944797c", "fields": {"value": "[\"8aaa7050c18e66a7179dfcfed90b4bef\"]"}}, {"model": "thumbnail.kvstore", "pk": "sorl-thumbnail||thumbnails||22648e19b92641d9bf6f8ca3775803ca", "fields": {"value": "[\"80d839c602bf8e5056bb084c7fb894b3\"]"}}, {"model": "thumbnail.kvstore", "pk": "sorl-thumbnail||thumbnails||34b1ca5eb4e7cbadd18c0c9a2362c818", "fields": {"value": "[\"bfe37da8ef28ca7fc0ad4ee6b09cf112\"]"}}, {"model": "thumbnail.kvstore", "pk": "sorl-thumbnail||thumbnails||6e1d63216908c6ba018c326abafffa39", "fields": {"value": "[\"f3baa97c15ca16accd657866bd7154d8\"]"}}, {"model": "thumbnail.kvstore", "pk": "sorl-thumbnail||thumbnails||73a18b160b9203d50513c1c1f9541d98", "fields": {"value": "[\"8ec228923867018e94ac566665bd978d\"]"}}, {"model": "thumbnail.kvstore", "pk": "sorl-thumbnail||thumbnails||7ff1f6c93a33ca2d8f3568e325e782e2", "fields": {"value": "[\"ebde8d86d8238422ba58dcba4fe94523\"]"}}, {"model": "thumbnail.kvstore", "pk": "sorl-thumbnail||thumbnails||adfdb95f8f3203fc6603b62ccf07da1e", "fields": {"value": "[\"c5e49c73dd080f7250b606348a42df1f\"]"}}, {"model": "thumbnail.kvstore", "pk": "sorl-thumbnail||thumbnails||c64b0a56f51208a24b8b391c073b5561", "fields": {"value": "[\"393fc33d7809e3d8326ef3804c98e233\"]"}}, {"model": "thumbnail.kvstore", "pk": "sorl-thumbnail||thumbnails||eb90a150db55be1bac0bd2245b94e7d6", "fields": {"value": "[\"8eac87ae2094e5aeaf63ca2566d59e6d\"]"}}, {"model": "thumbnail.kvstore", "pk": "sorl-thumbnail||thumbnails||eda102e3aba125b4fb1d36c6dc2622b2", "fields": {"value": "[\"a42b1cb60e25ec43048830b20d7407d4\"]"}}, {"model": "thumbnail.kvstore", "pk": "sorl-thumbnail||thumbnails||fba0470f2ce4ae8bb039aba3a225505e", "fields": {"value": "[\"3bfe184f4e7e1b7b9fae68999fb0f723\"]"}}, {"model": "auth.permission", "pk": 1, "fields": {"name": "Can add log entry", "content_type": 1, "codename": "add_logentry"}}, {"model": "auth.permission", "pk": 2, "fields": {"name": "Can change log entry", "content_type": 1, "codename": "change_logentry"}}, {"model": "auth.permission", "pk": 3, "fields": {"name": "Can delete log entry", "content_type": 1, "codename": "delete_logentry"}}, {"model": "auth.permission", "pk": 4, "fields": {"name": "Can view log entry", "content_type": 1, "codename": "view_logentry"}}, {"model": "auth.permission", "pk": 5, "fields": {"name": "Can add permission", "content_type": 2, "codename": "add_permission"}}, {"model": "auth.permission", "pk": 6, "fields": {"name": "Can change permission", "content_type": 2, "codename": "change_permission"}}, {"model": "auth.permission", "pk": 7, "fields": {"name": "Can delete permission", "content_type": 2, "codename": "delete_permission"}}, {"model": "auth.permission", "pk": 8, "fields": {"name": "Can view permission", "content_type": 2, "codename": "view_permission"}}, {"model": "auth.permission", "pk": 9, "fields": {"name": "Can add group", "content_type": 3, "codename": "add_group"}}, {"model": "auth.permission", "pk": 10, "fields": {"name": "Can change group", "content_type": 3, "codename": "change_group"}}, {"model": "auth.permission", "pk": 11, "fields": {"name": "Can delete group", "content_type": 3, "codename": "delete_group"}}, {"model": "auth.permission", "pk": 12, "fields": {"name": "Can view group", "content_type": 3, "codename": "view_group"}}, {"model": "auth.permission", "pk": 13, "fields": {"name": "Can add user", "content_type": 4, "codename": "add_user"}}, {"model": "auth.permission", "pk": 14, "fields": {"name": "Can change user", "content_type": 4, "codename": "change_user"}}, {"model": "auth.permission", "pk": 15, "fields": {"name": "Can delete user", "content_type": 4, "codename": "delete_user"}}, {"model": "auth.permission", "pk": 16, "fields": {"name": "Can view user", "content_type": 4, "codename": "view_user"}}, {"model": "auth.permission", "pk": 17, "fields": {"name": "Can add content type", "content_type": 5, "codename": "add_contenttype"}}, {"model": "auth.permission", "pk": 18, "fields": {"name": "Can change content type", "content_type": 5, "codename": "change_contenttype"}}, {"model": "auth.permission", "pk": 19, "fields": {"name": "Can delete content type", "content_type": 5, "codename": "delete_contenttype"}}, {"model": "auth.permission", "pk": 20, "fields": {"name": "Can view content type", "content_type": 5, "codename": "view_contenttype"}}, {"model": "auth.permission", "pk": 21, "fields": {"name": "Can add group", "content_type": 6, "codename": "add_group"}}, {"model": "auth.permission", "pk": 22, "fields": {"name": "Can change group", "content_type": 6, "codename": "change_group"}}, {"model": "auth.permission", "pk": 23, "fields": {"name": "Can delete group", "content_type": 6, "codename": "delete_group"}}, {"model": "auth.permission", "pk": 24, "fields": {"name": "Can view group", "content_type": 6, "codename": "view_group"}}, {"model": "auth.permission", "pk": 25, "fields": {"name": "Can add post", "content_type": 7, "codename": "add_post"}}, {"model": "auth.permission", "pk": 26, "fields": {"name": "Can change post", "content_type": 7, "codename": "change_post"}}, {"model": "auth.permission", "pk": 27, "fields": {"name": "Can delete post", "content_type": 7, "codename": "delete_post"}}, {"model": "auth.permission", "pk": 28, "fields": {"name": "Can view post", "content_type": 7, "codename": "view_post"}}, {"model": "auth.permission", "pk": 29, "fields": {"name": "Can add ('\u041b\u0430\u0439\u043a',)", "content_type": 8, "codename": "add_like"}}, {"model": "auth.permission", "pk": 30, "fields": {"name": "Can change ('\u041b\u0430\u0439\u043a',)", "content_type": 8, "codename": "change_like"}}, {"model": "auth.permission", "pk": 31, "fields": {"name": "Can delete ('\u041b\u0430\u0439\u043a',)", "content_type": 8, "codename": "delete_like"}}, {"model": "auth.permission", "pk": 32, "fields": {"name": "Can view ('\u041b\u0430\u0439\u043a',)", "content_type": 8, "codename": "view_like"}}, {"model": "auth.permission", "pk": 33, "fields": {"name": "Can add follow", "content_type": 9, "codename": "add_follow"}}, {"model": "auth.permission", "pk": 34, "fields": {"name": "Can change follow", "content_type": 9, "codename": "change_follow"}}, {"model": "auth.permission", "pk": 35, "fields": {"name": "Can delete follow", "content_type": 9, "codename": "delete_follow"}}, {"model": "auth.permission", "pk": 36, "fields": {"name": "Can view follow", "content_type": 9, "codename": "view_follow"}}, {"model": "auth.permission", "pk": 37, "fields": {"name": "Can add comment", "content_type": 10, "codename": "add_comment"}}, {"model": "auth.permission", "pk": 38, "fields": {"name": "Can change comment", "content_type": 10, "codename": "change_comment"}}, {"model": "auth.permission", "pk": 39, "fields": {"name": "Can delete comment", "content_type": 10, "codename": "delete_comment"}}, {"model": "auth.permission", "pk": 40, "fields": {"name": "Can view comment", "content_type": 10, "codename": "view_comment"}}, {"model": "auth.permission", "pk": 41, "fields": {"name": "Can add session", "content_type": 11, "codename": "add_session"}}, {"model": "auth.permission", "pk": 42, "fields": {"name": "Can change session", "content_type": 11, "codename": "change_session"}}, {"model": "auth.permission", "pk": 43, "fields": {"name": "Can delete session", "content_type": 11, "codename": "delete_session"}}, {"model": "auth.permission", "pk": 44, "fields": {"name": "Can view session", "content_type": 11, "codename": "view_session"}}, {"model": "auth.permission", "pk": 45, "fields": {"name": "Can add site", "content_type": 12, "codename": "add_site"}}, {"model": "auth.permission", "pk": 46, "fields": {"name": "Can change site", "content_type": 12, "codename": "change_site"}}, {"model": "auth.permission", "pk": 47, "fields": {"name": "Can delete site", "content_type": 12, "codename": "delete_site"}}, {"model": "auth.permission", "pk": 48, "fields": {"name": "Can view site", "content_type": 12, "codename": "view_site"}}, {"model": "auth.permission", "pk": 49, "fields": {"name": "Can add kv store", "content_type": 13, "codename": "add_kvstore"}}, {"model": "auth.permission", "pk": 50, "fields": {"name": "Can change kv store", "content_type": 13, "codename": "change_kvstore"}}, {"model": "auth.permission", "pk": 51, "fields": {"name": "Can delete kv store", "content_type": 13, "codename": "delete_kvstore"}}, {"model": "auth.permission", "pk": 52, "fields": {"name": "Can view kv store", "content_type": 13, "codename": "view_kvstore"}}, {"model": "auth.user", "pk": 1, "fields": {"password": "pbkdf2_sha256$150000$YCl38GVPC7Rx$HfNThG0V3024SQNkZwf4qLxMn9V5TF/M1JnqpEsprdI=", "last_login": "2021-05-12T14:12:11.122Z", "is_superuser": true, "username": "Look-in44", "first_name": "\u0415\u0433\u043e\u0440", "last_name": "\u041b\u0443\u043a\u0438\u043d", "email": "look-in44@yandex.ru", "is_staff": true, "is_active": true, "date_joined": "2020-12-31T06:25:14Z", "groups": [], "user_permissions": []}}, {"model": "auth.user", "pk": 4, "fields": {"password": "pbkdf2_sha256$150000$GhYloc9Jh963$khdn/eXJ3XQQOUNp8LRQ+NW0WsjZhe4cZn0thqK4vmY=", "last_login": "2021-01-07T14:10:33.166Z", "is_superuser": false, "username": "Vaverka04", "first_name": "Liza", "last_name": "Vaverka", "email": "lisa.lookina@mail.ru", "is_staff": false, "is_active": true, "date_joined": "2021-01-02T16:41:39.195Z", "groups": [], "user_permissions": []}}, {"model": "auth.user", "pk": 5, "fields": {"password": "pbkdf2_sha256$150000$JOr7Ab2GdYTF$c90hrKP07/RUMNlooN8QT3zchBvilWYw+pUJpsnO2Fo=", "last_login": "2021-01-02T18:38:31.898Z", "is_superuser": false, "username": "Maxydron", "first_name": "\u0410\u043d\u0434\u0440\u0435\u0439", "last_name": "\u0422\u044e\u043f\u043f\u0438\u043d", "email": "maxydron@gmail.com", "is_staff": false, "is_active": true, "date_joined": "2021-01-02T18:38:12.351Z", "groups": [], "user_permissions": []}}, {"model": "auth.user", "pk": 6, "fields": {"password": "pbkdf2_sha256$150000$gQnMB2j5z0QJ$MVHJsrV/0s9Nu8YPpFgZge5SHTPPu3SN3rwuLqNxMdA=", "last_login": "2021-01-04T16:15:45.943Z", "is_superuser": false, "username": "Stevinel", "first_name": "\u0421\u0442\u0430\u0441", "last_name": "\u0412\u043e\u0440\u043e\u043d\u043e\u0432", "email": "Stevinel@xaker.ru", "is_staff": false, "is_active": true, "date_joined": "2021-01-04T16:15:34.217Z", "groups": [], "user_permissions": []}}, {"model": "auth.user", "pk": 7, "fields": {"password": "pbkdf2_sha256$150000$IjP9ly76WDKC$hpgkwCdYf7LdzGV+eNe05TwpXzGuTq+3K2sbulVbBnw=", "last_login": "2021-01-07T14:12:34.596Z", "is_superuser": false, "username": "\u0412\u0430\u043b\u0435\u0440\u0438\u044f", "first_name": "\u0412\u0430\u043b\u0435\u0440\u0438\u044f", "last_name": "\u0420\u0435\u0431\u0446\u043e\u0432\u0441\u043a\u0430\u044f", "email": "reb.valeriya@yandex.ru", "is_staff": false, "is_active": true, "date_joined": "2021-01-07T14:12:10.002Z", "groups": [], "user_permissions": []}}, {"model": "admin.logentry", "pk": 1, "fields": {"action_time": "2020-12-31T06:27:20.151Z", "user": 1, "content_type": 4, "object_id": "1", "object_repr": "Look-in44", "action_flag": 2, "change_message": "[{\"changed\": {\"fields\": [\"first_name\", \"last_name\"]}}]"}}, {"model": "admin.logentry", "pk": 2, "fields": {"action_time": "2020-12-31T06:46:01.823Z", "user": 1, "content_type": 7, "object_id": "2", "object_repr": "\u0421\u0440\u0430\u0437\u0443, \u0445\u043e\u0447\u0443 \u043e\u0431\u0440", "action_flag": 2, "change_message": "[{\"changed\": {\"fields\": [\"image\"]}}]"}}, {"model": "admin.logentry", "pk": 3, "fields": {"action_time": "2021-01-02T16:29:30.679Z", "user": 1, "content_type": 4, "object_id": "2", "object_repr": "Leo", "action_flag": 3, "change_message": ""}}, {"model": "admin.logentry", "pk": 4, "fields": {"action_time": "2021-01-02T16:29:30.714Z", "user": 1, "content_type": 4, "object_id": "3", "object_repr": "Leo1", "action_flag": 3, "change_message": ""}}, {"model": "admin.logentry", "pk": 5, "fields": {"action_time": "2021-01-05T12:47:27.062Z", "user": 1, "content_type": 7, "object_id": "12", "object_repr": "\u0414\u043e\u0440\u0430\u0431\u043e\u0442\u0430\u0442\u044c \u0441\u0430\u0439\u0442", "action_flag": 2, "change_message": "[{\"changed\": {\"fields\": [\"text\"]}}]"}}, {"model": "admin.logentry", "pk": 6, "fields": {"action_time": "2021-01-06T07:44:29.841Z", "user": 1, "content_type": 7, "object_id": "10", "object_repr": "test", "action_flag": 3, "change_message": ""}}, {"model": "admin.logentry", "pk": 7, "fields": {"action_time": "2021-01-08T18:56:09.990Z", "user": 1, "content_type": 10, "object_id": "20", "object_repr": "\u0421\u0442\u0430\u0441\u0435\u0432\u0438\u0447, \u0443\u0434\u0430\u043b\u044f\u0439 \u043a\u043e\u043c\u043c\u043c\u0435\u043d\u0442\u044b! )))", "action_flag": 3, "change_message": ""}}, {"model": "admin.logentry", "pk": 8, "fields": {"action_time": "2021-01-08T18:56:09.999Z", "user": 1, "content_type": 10, "object_id": "19", "object_repr": "\u041d\u043e\u0432\u044b\u0435 \u043a\u043e\u043c\u043c\u0435\u043d\u0442\u044b \u0434\u0435\u043b\u0430\u044e\u0442\u0441\u044f \u043a\u0430\u043a \u043d\u0430\u0434\u043e", "action_flag": 3, "change_message": ""}}, {"model": "admin.logentry", "pk": 9, "fields": {"action_time": "2021-01-08T18:56:10.008Z", "user": 1, "content_type": 10, "object_id": "18", "object_repr": "\u041f\u0440\u043e\u0432\u0435\u0440\u043a\u0430 \u043d\u043e\u0432\u043e\u0433\u043e \u043a\u043e\u043c\u043c\u0435\u043d\u0442\u0430", "action_flag": 3, "change_message": ""}}, {"model": "admin.logentry", "pk": 10, "fields": {"action_time": "2021-01-08T18:56:10.015Z", "user": 1, "content_type": 10, "object_id": "17", "object_repr": "\u041d\u043e \u0445\u043e\u0440\u043e\u0448\u043e :)", "action_flag": 3, "change_message": ""}}, {"model": "admin.logentry", "pk": 11, "fields": {"action_time": "2021-01-08T18:56:10.022Z", "user": 1, "content_type": 10, "object_id": "16", "object_repr": "\u0421\u0442\u0440\u0430\u043d\u043d\u043e", "action_flag": 3, "change_message": ""}}, {"model": "admin.logentry", "pk": 12, "fields": {"action_time": "2021-01-08T18:56:10.031Z", "user": 1, "content_type": 10, "object_id": "15", "object_repr": "\u041a\u043e\u043c\u043c\u0435\u043d\u0442\u044b \u0438\u0434\u0443\u0442 \u0440\u043e\u0432\u043d\u043e", "action_flag": 3, "change_message": ""}}, {"model": "admin.logentry", "pk": 13, "fields": {"action_time": "2021-01-08T18:56:10.036Z", "user": 1, "content_type": 10, "object_id": "14", "object_repr": "\u0415\u0449\u0451 \u043e\u0434\u0438\u043d", "action_flag": 3, "change_message": ""}}, {"model": "admin.logentry", "pk": 14, "fields": {"action_time": "2021-01-08T18:56:10.044Z", "user": 1, "content_type": 10, "object_id": "13", "object_repr": "\u041f\u0440\u043e\u0432\u0435\u0440\u043a\u0430 \u043a\u043e\u043c\u043c\u0435\u043d\u0442\u0430", "action_flag": 3, "change_message": ""}}, {"model": "posts.like", "pk": 16, "fields": {"user": 1, "post": 3}}, {"model": "posts.like", "pk": 17, "fields": {"user": 1, "post": 6}}, {"model": "posts.like", "pk": 18, "fields": {"user": 4, "post": 2}}, {"model": "posts.like", "pk": 19, "fields": {"user": 4, "post": 1}}, {"model": "posts.like", "pk": 21, "fields": {"user": 4, "post": 4}}, {"model": "posts.like", "pk": 22, "fields": {"user": 6, "post": 6}}, {"model": "posts.like", "pk": 23, "fields": {"user": 1, "post": 9}}, {"model": "posts.like", "pk": 26, "fields": {"user": 6, "post": 9}}, {"model": "posts.like", "pk": 27, "fields": {"user": 1, "post": 4}}, {"model": "posts.like", "pk": 32, "fields": {"user": 1, "post": 12}}, {"model": "posts.follow", "pk": 1, "fields": {"user": 1, "author": 4}}, {"model": "posts.follow", "pk": 2, "fields": {"user": 5, "author": 1}}, {"model": "posts.follow", "pk": 3, "fields": {"user": 4, "author": 1}}, {"model": "posts.follow", "pk": 4, "fields": {"user": 6, "author": 1}}, {"model": "posts.follow", "pk": 5, "fields": {"user": 1, "author": 5}}, {"model": "posts.follow", "pk": 6, "fields": {"user": 6, "author": 5}}, {"model": "posts.comment", "pk": 1, "fields": {"post": 3, "author": 1, "text": "\u041c\u043e\u0433\u0443\u0447\u0438\u0439 \u0411\u0435\u043b\u043e\u0440\u0443\u0441\u0441\u043a\u0438\u0439! )))", "created": "2021-01-02T16:55:57.763Z"}}, {"model": "posts.comment", "pk": 2, "fields": {"post": 3, "author": 4, "text": "\u0410 \u0442\u043e \u0436!", "created": "2021-01-03T20:38:23.259Z"}}, {"model": "posts.comment", "pk": 3, "fields": {"post": 6, "author": 1, "text": "\u041f\u0440\u0438\u0432\u0435\u0442!)))", "created": "2021-01-03T21:28:04.037Z"}}, {"model": "posts.comment", "pk": 4, "fields": {"post": 6, "author": 6, "text": "\u0421 \u043d\u043e\u0432\u044b\u043c \u0433\u043e\u0434\u043e\u043c :)", "created": "2021-01-04T16:16:24.357Z"}}, {"model": "posts.comment", "pk": 6, "fields": {"post": 9, "author": 1, "text": "\u0418\u0435\u0435!!! )))", "created": "2021-01-04T19:34:56.411Z"}}, {"model": "posts.comment", "pk": 8, "fields": {"post": 12, "author": 1, "text": "Done!", "created": "2021-01-05T12:39:16.791Z"}}, {"model": "posts.comment", "pk": 12, "fields": {"post": 12, "author": 6, "text": "\u041a\u0430\u043a \u043d\u0435\u043e\u0436\u0438\u0434\u0430\u043d\u043d\u043e \u0438 \u043f\u0440\u0438\u044f\u0442\u043d\u0430\u0430\u0430\u0430 :D", "created": "2021-01-06T13:54:44.408Z"}}, {"model": "posts.post", "pk": 1, "fields": {"text": "\u0417\u0434\u0440\u0430\u0432\u0441\u0442\u0432\u0443\u0439, \u0434\u043e\u0440\u043e\u0433\u043e\u0439 \u0434\u0440\u0443\u0433! \u0420\u0430\u0434 \u0432\u0438\u0434\u0435\u0442\u044c \u0442\u0435\u0431\u044f \u043d\u0430 \u043c\u043e\u0435\u043c \u0441\u043a\u0440\u043e\u043c\u043d\u043e\u043c \u043f\u0440\u043e\u0435\u043a\u0442\u0435, \u0432 \u043e\u0433\u0440\u043e\u043c\u043d\u043e\u0439 \u0432\u0441\u0435\u043b\u0435\u043d\u043d\u043e\u0439 \u0438\u043d\u0442\u0435\u0440\u043d\u0435\u0442\u0430!", "pub_date": "2020-12-31T06:28:14.462Z", "author": 1, "group": 1, "image": ""}}, {"model": "posts.post", "pk": 2, "fields": {"text": "\u0421\u0440\u0430\u0437\u0443, \u0445\u043e\u0447\u0443 \u043e\u0431\u0440\u0430\u0442\u0438\u0442\u044c \u0442\u0432\u043e\u0435 \u0432\u043d\u0438\u043c\u0430\u043d\u0438\u0435 \u043d\u0430 \u043f\u043e\u0432\u0435\u0434\u0435\u043d\u0438\u0435: \u043d\u0438\u043a\u0430\u043a\u043e\u0439 \u043f\u043e\u043b\u0438\u0442\u043e\u0442\u044b, \u043d\u0438\u043a\u0430\u043a\u043e\u0439 \u043f\u043e\u0448\u043b\u043e\u0441\u0442\u0438! \u041e\u0431\u0440\u0430\u0449\u0430\u0439\u0441\u044f \u043a \u0434\u0440\u0443\u0433\u0438\u043c \u0443\u0447\u0430\u0441\u0442\u043d\u0438\u043a\u0430\u043c \u0441\u043e\u043e\u0431\u0449\u0435\u0441\u0442\u0432\u0430 \u0442\u0430\u043a, \u043a\u0430\u043a \u0431\u044b \u0442\u044b \u0445\u043e\u0442\u0435\u043b \u0447\u0442\u043e\u0431\u044b \u043e\u0431\u0440\u0430\u0449\u0430\u043b\u0438\u0441\u044c \u043a \u0442\u0435\u0431\u0435! \r\n-\u041c\u0430\u0442 - \"\u0411\u0410\u041d\u0425\u0410\u041c\u041c\u0415\u0420\";\r\n-\u041f\u043e\u0448\u043b\u043e\u0441\u0442\u044c - \"\u0411\u0410\u041d\u0425\u0410\u041c\u0415\u0420\";\r\n-\u0420\u0430\u0437\u0432\u0435\u0434\u0435\u043d\u0438\u0435 \u043f\u043e\u043b\u0438\u0442\u0438\u0447\u0435\u0441\u043a\u0438\u0445 \u0434\u0438\u0441\u0441\u043a\u0443\u0441\u0438\u0439 - \"\u0411\u0410\u0410\u0410\u0410\u0410\u041d\u0425\u0410\u041c\u041c\u0415\u0420\"", "pub_date": "2020-12-31T06:32:29.001Z", "author": 1, "group": 1, "image": "posts/BanHammer_vt5B85I.jpeg"}}, {"model": "posts.post", "pk": 3, "fields": {"text": "\u0414\u043e\u0431\u0440\u044b \u0432\u0435\u0447\u0430\u0440, \u0441\u044f\u0431\u0440\u044b \ud83d\ude0a\r\n\u041d\u0430\u0440\u044d\u0448\u0446\u0435 \u044f \u0442\u0443\u0442\ud83d\udcf2 \r\n\u0416\u0430\u0434\u0430\u044e \u0443\u0441\u0438\u043c \u0448\u0447\u0430\u0441\u043b\u0438\u0432\u0430\u0433\u0430 \u041d\u043e\u0432\u0430\u0433\u0430 \u0433\u043e\u0434\u0430 \ud83c\udf84\ud83c\udf7e\ud83c\udf87", "pub_date": "2021-01-02T16:51:38.863Z", "author": 4, "group": null, "image": ""}}, {"model": "posts.post", "pk": 4, "fields": {"text": "\u0412\u0441\u0435\u0445 \u0441 \u043d\u0430\u0441\u0442\u0443\u043f\u0438\u0432\u0448\u0438\u043c \u041d\u043e\u0432\u044b\u043c \u0433\u043e\u0434\u043e\u043c! \ud83e\udd73\ud83e\udd73\ud83e\udd73\ud83c\udf84\ud83c\udf84\ud83c\udf84", "pub_date": "2021-01-02T16:52:04.999Z", "author": 1, "group": 2, "image": ""}}, {"model": "posts.post", "pk": 6, "fields": {"text": "\u0421 \u043d\u043e\u0432\u044b\u043c \u0433\u043e\u0434\u043e\u043c )))", "pub_date": "2021-01-03T16:48:44.343Z", "author": 5, "group": null, "image": ""}}, {"model": "posts.post", "pk": 9, "fields": {"text": "\u041f\u043e\u0437\u0434\u0440\u0430\u0432\u043b\u044f\u044e \u0441 \u0434\u0435\u043f\u043b\u043e\u0435\u043c :)", "pub_date": "2021-01-04T16:34:03.340Z", "author": 6, "group": 2, "image": "posts/22.jpg"}}, {"model": "posts.post", "pk": 12, "fields": {"text": "\u0414\u043e\u0440\u0430\u0431\u043e\u0442\u0430\u0442\u044c \u0441\u0430\u0439\u0442:\r\n- \u0418\u0437\u043c\u0435\u043d\u0438\u0442\u044c \u0432\u044c\u044e\u0445\u0443 \u043d\u0430 \u0434\u043e\u0431\u0430\u0432\u043b\u0435\u043d\u0438\u0435 \u043f\u043e\u0441\u0442\u0430;\r\n- \u0418\u0437\u043c\u0435\u043d\u0438\u0442\u044c \u0448\u0430\u0431\u043b\u043e\u043d \u043f\u0440\u043e\u0444\u0438\u043b\u044f;\r\n- \u0418\u0437\u043c\u0435\u043d\u0438\u0442\u044c \u0448\u0430\u0431\u043b\u043e\u043d \u043a\u043e\u043c\u043c\u0435\u043d\u0442\u0430\u0440\u0438\u0435\u0432;\r\n- \u0418\u0437\u043c\u0435\u043d\u0438\u0442\u044c \u0448\u0430\u0431\u043b\u043e\u043d \u0433\u0440\u0443\u043f\u043f\u044b;\r\n\u0421\u043f\u0430\u0441\u0438\u0431\u043e @\u0421\u0442\u0430\u043d\u0438\u0441\u043b\u0430\u0432\u0443 \u0412\u043e\u0440\u043e\u043d\u043e\u0432\u0443 \u0437\u0430 \u043e\u0431\u044a\u0435\u043a\u0442\u0438\u0432\u043d\u044b\u0435 \u0437\u0430\u043c\u0435\u0447\u0430\u043d\u0438\u044f!", "pub_date": "2021-01-05T11:29:07.571Z", "author": 1, "group": 2, "image": "posts/58ef554577724bd5954298fd32c03acb-1.jpg"}}]